Key,Sum_Population,Sum_Pop__Densi,Sum_Income___T,Sum_Housing___,Sum_Education_
Caserne 03 Grid0_0,15242,160021.5,12575,7865,12470
Caserne 03 Grid0_1,8131,115816.7,6750,3990,6765
Caserne 03 Grid1_0,6405,20957.9,5645,3855,5620
Caserne 03 Grid1_1,2713,9755.2,2410,1580,2425
Caserne 03 Grid2_0,0,0,,,
Caserne 04 Grid0_1,3501,1718.7,2975,1685,2850
Caserne 04 Grid0_2,4208,2876,3520,1920,3390
Caserne 04 Grid1_0,7376,27194.5,6195,3355,6060
Caserne 04 Grid1_1,5980,18532.9,4995,2715,4810
Caserne 04 Grid1_2,5114,26583.7,4355,2265,4260
Caserne 04 Grid2_0,15836,313872.8,12705,6310,12690
Caserne 04 Grid2_1,15579,298437.5,12490,6195,12515
Caserne 04 Grid2_2,2532,49270.4,2025,955,2135
Caserne 04 Grid3_0,9945,353924.9,7995,3565,7975
Caserne 04 Grid3_1,16415,496878.6,13195,6560,13370
Caserne 04 Grid3_2,6229,152723.1,5320,2885,5230
Caserne 04 Grid4_1,1298,25218.6,1080,525,1070
Caserne 05 Grid0_0,7975,171743.1,7185,4715,7290
Caserne 05 Grid0_1,9163,85570.1,8090,5335,8335
Caserne 05 Grid0_2,2492,3006,2300,1535,2430
Caserne 05 Grid1_0,4828,111842.6,4415,2980,4435
Caserne 05 Grid1_1,2081,29325.7,1625,1110,1565
Caserne 08 Grid0_0,1265,594.8,1045,525,970
Caserne 08 Grid0_1,2824,1544.4,2345,1070,2260
Caserne 08 Grid0_2,1483,210.2,1205,580,1160
Caserne 08 Grid1_0,3338,1308.6,2090,985,1990
Caserne 08 Grid1_1,619,73,485,260,450
Caserne 08 Grid1_2,2332,1064.1,1855,950,1800
Caserne 08 Grid2_0,1321,246.3,875,425,830
Caserne 08 Grid2_1,619,73,485,260,450
Caserne 08 Grid2_2,619,73,485,260,450
Caserne 08 Grid2_3,4679,6145.5,3480,1810,3365
Caserne 08 Grid3_0,1321,246.3,875,425,830
Caserne 08 Grid3_1,2193,585.3,1585,790,1590
Caserne 08 Grid3_2,1491,412,1195,625,1210
Caserne 08 Grid3_3,5881,22460.3,4520,2360,4435
Caserne 08 Grid4_1,4392,22916.7,3445,1745,3400
Caserne 08 Grid4_2,1747,5808.4,1440,790,1475
Caserne 08 Grid4_3,1845,9804.4,1510,855,1515
Caserne 08 Grid4_4,2743,19988.2,2275,1320,2315
Caserne 08 Grid5_1,4766,33919.3,3845,2280,3890
Caserne 08 Grid5_2,2158,8804,1745,975,1800
Caserne 08 Grid5_3,367,474.3,300,195,295
Caserne 08 Grid6_1,367,474.3,300,195,295
Caserne 09 Grid0_0,1137,3264.9,885,415,965
Caserne 09 Grid0_1,9993,177151.7,7955,4025,8100
Caserne 09 Grid0_2,7055,80437.1,5575,2935,5550
Caserne 09 Grid1_0,8858,214483,6810,3450,6805
Caserne 09 Grid1_1,15649,420372.4,12295,5945,12400
Caserne 09 Grid1_2,3858,52854.4,3125,1535,3080
Caserne 09 Grid1_3,2407,21003.4,2005,1125,2085
Caserne 09 Grid2_0,10296,262910.1,7780,3905,7805
Caserne 09 Grid2_1,9554,227027.8,7295,3495,7235
Caserne 09 Grid2_2,9528,134186.7,7535,3775,7425
Caserne 09 Grid2_3,4182,54796.5,3465,1795,3365
Caserne 09 Grid3_0,1056,36424.8,765,335,735
Caserne 09 Grid3_1,11178,160055.4,8765,4405,8530
Caserne 09 Grid3_2,17964,311207.1,14390,7665,14315
Caserne 09 Grid3_3,9887,166142.7,8245,4740,8225
Caserne 09 Grid4_1,2022,18448.1,1705,870,1615
Caserne 09 Grid4_2,10191,202288.1,8310,4780,8395
Caserne 09 Grid4_3,2814,38255.9,2335,1345,2275
Caserne 10 Grid0_0,1124,635.5,975,535,1010
Caserne 10 Grid0_1,4990,62711.7,4345,2195,4330
Caserne 10 Grid1_0,5433,67652.4,4960,2895,4995
Caserne 10 Grid1_1,22788,842529.5,21110,13510,21345
Caserne 10 Grid1_2,2967,46602.3,2605,1610,2570
Caserne 10 Grid2_0,2355,19484,2215,1370,2310
Caserne 10 Grid2_1,14565,583676,13490,8815,13460
Caserne 10 Grid2_2,902,6438.3,760,500,740
Caserne 13 Grid0_0,2370,58044,2070,1245,2140
Caserne 13 Grid0_1,14417,287949.2,12830,8045,12910
Caserne 13 Grid0_2,3135,12213,2895,1940,2890
Caserne 13 Grid1_0,7695,163428.3,6615,4075,6640
Caserne 13 Grid1_1,4132,75789.2,3555,2100,3435
Caserne 13 Grid1_2,727,2234.2,650,415,645
Caserne 13 Grid2_0,372,2077.1,305,185,300
Caserne 14 Grid0_1,1272,5191.8,1210,885,1190
Caserne 14 Grid0_2,6846,43626.5,4755,2995,4730
Caserne 14 Grid0_3,3729,17948,2030,1280,2040
Caserne 14 Grid1_0,522,1894,420,185,370
Caserne 14 Grid1_1,5939,44459.8,5005,2655,4950
Caserne 14 Grid1_2,11677,116794.8,9740,4970,9785
Caserne 14 Grid1_3,5729,32489.5,4335,2175,4415
Caserne 14 Grid1_4,3183,6888.4,2240,1195,2265
Caserne 14 Grid2_0,3095,31827.4,2650,1185,2665
Caserne 14 Grid2_1,9110,110701.6,7655,3410,7630
Caserne 14 Grid2_2,11556,133724.6,9645,4325,9995
Caserne 14 Grid2_3,2980,9490.6,2110,970,2145
Caserne 14 Grid2_4,1864,1813.7,1175,570,1210
Caserne 14 Grid3_0,3274,33248,2655,1200,2700
Caserne 14 Grid3_1,8622,110488.1,7345,3330,7315
Caserne 14 Grid3_2,5532,47650,4565,2070,4600
Caserne 14 Grid3_3,1807,3070.4,1390,650,1470
Caserne 14 Grid4_1,1267,7729,1050,445,1050
Caserne 14 Grid4_2,695,812.4,580,225,580
Caserne 15 Grid0_0,974,5881.6,790,485,750
Caserne 15 Grid0_1,5420,55069.3,4640,2785,4545
Caserne 15 Grid0_2,2196,14893.2,1855,1100,1865
Caserne 15 Grid1_0,4070,32791.7,3480,2250,3390
Caserne 15 Grid1_1,14011,227650.1,11785,7165,11765
Caserne 15 Grid1_2,1951,26525.8,1595,980,1705
Caserne 15 Grid2_0,600,258.2,475,305,455
Caserne 15 Grid2_1,2280,36085.6,1805,1120,1800
Caserne 15 Grid2_2,600,258.2,475,305,455
Caserne 15 Grid3_0,1422,883.7,1255,705,1160
Caserne 15 Grid3_1,600,258.2,475,305,455
Caserne 16 Grid0_0,18268,466599.5,15850,10195,16015
Caserne 16 Grid0_1,16693,434268.3,14680,8855,14635
Caserne 16 Grid0_2,1505,38735.7,1400,850,1365
Caserne 16 Grid1_0,11482,337251,9980,6565,10030
Caserne 16 Grid1_1,14985,414289.6,13075,8315,12965
Caserne 16 Grid1_2,5219,163261.8,4870,3085,4875
Caserne 17 Grid0_0,2021,26956.1,1610,930,1570
Caserne 17 Grid0_1,7927,108712.3,6150,3615,6035
Caserne 17 Grid0_2,12970,239496.6,10255,6045,10115
Caserne 17 Grid0_3,5639,89664.6,4510,2450,4675
Caserne 17 Grid1_0,7624,99723.4,6020,3240,6115
Caserne 17 Grid1_1,15387,232875.5,12000,6130,12120
Caserne 17 Grid1_2,14442,213972.9,11320,5750,11285
Caserne 17 Grid1_3,6384,90584.2,5060,2480,5065
Caserne 17 Grid2_1,4403,67864.2,3525,1705,3630
Caserne 17 Grid2_2,1072,10746.8,850,420,885
Caserne 18 Grid0_0,2483,24166.8,1970,1075,1960
Caserne 18 Grid0_1,8549,101279.1,6960,3495,6870
Caserne 18 Grid0_2,9337,132353.8,7580,3700,7525
Caserne 18 Grid0_3,4865,75810.4,3880,1915,3930
Caserne 18 Grid1_0,9351,176056.9,6615,3875,6555
Caserne 18 Grid1_1,20850,543604.9,16575,8515,16620
Caserne 18 Grid1_2,14738,296695.8,11855,5805,11805
Caserne 18 Grid1_3,6691,101676.8,5385,2720,5430
Caserne 18 Grid1_4,545,3022.7,430,190,430
Caserne 18 Grid2_0,1379,6238.5,1080,610,1055
Caserne 18 Grid2_1,8437,121153.4,6485,3385,6535
Caserne 18 Grid2_2,6789,85587.6,5370,2830,5405
Caserne 19 Grid0_0,14087,289763.4,12425,7780,12350
Caserne 19 Grid0_1,14895,300258.6,13310,8585,13310
Caserne 19 Grid0_2,8172,202194.5,7330,4805,7300
Caserne 19 Grid1_0,9540,120279,8635,5470,8725
Caserne 19 Grid1_1,10221,143153.3,8995,5850,9005
Caserne 19 Grid1_2,2271,24673.8,2045,1295,2040
Caserne 19 Grid2_0,0,0,,,
Caserne 19 Grid2_1,0,0,,,
Caserne 19 Grid2_2,0,0,,,
Caserne 19 Grid2_3,0,0,,,
Caserne 19 Grid2_4,0,0,,,
Caserne 19 Grid3_1,0,0,,,
Caserne 19 Grid3_2,0,0,,,
Caserne 19 Grid3_3,0,0,,,
Caserne 19 Grid3_4,0,0,,,
Caserne 20 Grid0_0,4837,69868.1,4140,2915,4065
Caserne 20 Grid0_1,9609,79801.3,8195,5435,8095
Caserne 20 Grid0_2,12076,42388.9,10930,7365,11000
Caserne 20 Grid1_0,5888,35716,4970,3150,4885
Caserne 20 Grid1_1,6324,32781.7,5495,3490,5240
Caserne 20 Grid1_2,7796,30116.2,7045,4750,6960
Caserne 20 Grid1_3,6158,17611.2,5500,3740,5450
Caserne 20 Grid2_3,1422,883.7,1255,705,1160
Caserne 21 Grid0_1,3733,12310.4,2880,1200,2845
Caserne 21 Grid0_2,7601,91774.3,5965,2765,5840
Caserne 21 Grid0_3,5550,108778.1,4355,2120,4390
Caserne 21 Grid1_0,1150,1599.5,920,440,840
Caserne 21 Grid1_1,10080,87015.5,8030,3655,7960
Caserne 21 Grid1_2,15074,226107.5,11755,5595,11650
Caserne 21 Grid1_3,13675,335753.6,10285,4990,10350
Caserne 21 Grid2_0,4139,15990,3310,1650,3250
Caserne 21 Grid2_1,13156,197663.4,10460,5110,10515
Caserne 21 Grid2_2,9725,115008.5,8025,3700,8010
Caserne 21 Grid2_3,10865,157858.2,8515,4155,8430
Caserne 21 Grid2_4,2970,39156.9,2295,1180,2255
Caserne 21 Grid3_0,3152,4217.2,2520,1310,2580
Caserne 21 Grid3_1,6823,69592.8,5545,2955,5480
Caserne 21 Grid3_2,4295,36659.6,3590,1880,3655
Caserne 21 Grid3_3,1168,7478,860,405,875
Caserne 21 Grid4_1,708,881.5,575,325,605
Caserne 22 Grid0_1,5996,56019.8,4340,2300,4330
Caserne 22 Grid0_2,10511,113710.3,8415,4500,8415
Caserne 22 Grid0_3,4966,46270.8,4010,2180,4065
Caserne 22 Grid1_0,6176,91159.1,4955,2590,4905
Caserne 22 Grid1_1,16060,251082,12070,6370,12125
Caserne 22 Grid1_2,9507,123856.7,7670,4140,7570
Caserne 22 Grid1_3,3099,24525.4,2480,1425,2535
Caserne 22 Grid2_0,7037,68602.6,5820,3155,5860
Caserne 22 Grid2_1,9668,158926.7,7700,4140,7635
Caserne 23 Grid0_3,620,625.5,480,285,460
Caserne 23 Grid0_4,2205,7339.9,1765,985,1710
Caserne 23 Grid1_2,620,625.5,480,285,460
Caserne 23 Grid1_3,620,625.5,480,285,460
Caserne 23 Grid2_1,1517,8635.6,1295,740,1290
Caserne 23 Grid2_2,2647,12459.1,2065,1225,2070
Caserne 23 Grid2_3,5,2.7,,,
Caserne 23 Grid3_0,3843,40804.7,3400,2190,3475
Caserne 23 Grid3_1,14793,205515.7,12570,7930,12620
Caserne 23 Grid3_2,5896,70593,4895,3025,4890
Caserne 23 Grid4_0,13004,193713.4,11240,6780,11230
Caserne 23 Grid4_1,9328,129527.7,8280,5295,8220
Caserne 23 Grid4_2,747,4683.4,625,380,625
Caserne 23 Grid5_0,1403,18674.7,1260,730,1215
Caserne 25 Grid0_0,2563,48763,2215,1215,2260
Caserne 25 Grid0_1,885,377.2,785,460,810
Caserne 25 Grid1_0,3061,40288.8,2785,1700,2785
Caserne 25 Grid1_1,11016,116759,10225,6475,10265
Caserne 25 Grid1_2,2580,9747.4,2360,1510,2330
Caserne 25 Grid2_1,6674,18706.6,6110,3940,6205
Caserne 25 Grid2_2,12950,93184.6,11245,7390,11220
Caserne 26 Grid0_0,14275,343772.4,12490,7965,12590
Caserne 26 Grid0_1,2642,75425.7,2300,1440,2285
Caserne 26 Grid1_0,17311,430261,14530,9165,14465
Caserne 26 Grid1_1,5555,160905.4,4505,2705,4700
Caserne 26 Grid2_0,6763,176072.6,5740,3805,5780
Caserne 26 Grid2_1,2439,87930.1,2105,1395,2160
Caserne 27 Grid0_0,8079,114251.1,6325,3305,6225
Caserne 27 Grid0_1,12361,331209.1,9900,5180,9725
Caserne 27 Grid0_2,3494,100518,2615,1235,2555
Caserne 27 Grid1_0,19819,444340.8,15395,8300,15235
Caserne 27 Grid1_1,17669,479363.4,14100,8335,14495
Caserne 27 Grid1_2,19285,375425.1,15370,9340,15675
Caserne 27 Grid1_3,4356,76913.5,3490,1895,3470
Caserne 27 Grid2_0,6109,75878,4410,2445,4610
Caserne 27 Grid2_1,5528,91654.6,4020,2345,4315
Caserne 27 Grid2_2,10686,171502.4,8400,5435,8610
Caserne 27 Grid2_3,6671,44902.2,5865,3535,5780
Caserne 27 Grid3_1,1124,635.5,975,535,1010
Caserne 27 Grid3_2,5,3.8,,,
Caserne 28 Grid0_1,4245,3421.4,3075,1505,3135
Caserne 28 Grid0_2,3660,2669.3,2660,1320,2655
Caserne 28 Grid0_3,1517,1470.5,1180,615,1215
Caserne 28 Grid1_0,3366,4020,2690,1195,2760
Caserne 28 Grid1_1,2179,1547.1,1700,770,1720
Caserne 28 Grid1_2,3827,25255.7,3180,1640,3265
Caserne 28 Grid1_3,8219,83783.4,6885,3750,6910
Caserne 28 Grid2_0,1559,949.6,1300,545,1290
Caserne 28 Grid2_1,864,137.2,720,320,710
Caserne 28 Grid2_2,1265,8304.2,1045,460,1085
Caserne 28 Grid2_3,9440,98613.7,7955,4445,7840
Caserne 28 Grid2_4,3481,14282.7,2990,1800,3015
Caserne 28 Grid3_0,864,137.2,720,320,710
Caserne 28 Grid3_1,3663,32291.5,2960,1455,2965
Caserne 28 Grid3_2,12850,200103.1,10145,4995,10020
Caserne 28 Grid3_3,11265,133932,8875,4930,8795
Caserne 28 Grid3_4,10193,127751,8390,5085,8395
Caserne 28 Grid4_0,2332,1064.1,1855,950,1800
Caserne 28 Grid4_1,3518,12746.9,2825,1420,2815
Caserne 28 Grid4_2,14922,214090.8,11555,6005,11545
Caserne 28 Grid4_3,10275,119700,8330,4410,8315
Caserne 28 Grid4_4,8631,96101.9,7150,3965,7200
Caserne 28 Grid5_1,1468,926.9,1135,630,1090
Caserne 28 Grid5_2,4679,6145.5,3480,1810,3365
Caserne 28 Grid5_3,3490,33552.9,2425,1280,2495
Caserne 29 Grid0_0,8697,160116.7,7210,4685,7230
Caserne 29 Grid0_1,15460,395230,13150,8490,12995
Caserne 29 Grid0_2,1205,6084.2,1070,655,1060
Caserne 29 Grid1_0,18196,414559.2,15155,9585,15290
Caserne 29 Grid1_1,17178,416593.7,14405,9020,14395
Caserne 29 Grid1_2,4157,18308.6,3480,2160,3395
Caserne 29 Grid2_0,10272,209368.9,8800,5580,8825
Caserne 29 Grid2_1,13348,206937.1,10655,6725,10675
Caserne 29 Grid2_2,3580,19768,2855,1825,2865
Caserne 30 Grid0_0,4749,70060,4155,2645,4090
Caserne 30 Grid0_1,14681,403602.2,11320,6265,11310
Caserne 30 Grid1_0,15496,261637.5,13635,9035,13765
Caserne 30 Grid1_1,21966,567500.2,18695,11040,18550
Caserne 30 Grid1_2,4549,110846.2,4020,2355,3905
Caserne 30 Grid2_0,5667,120536.9,4960,3260,5100
Caserne 30 Grid2_1,6951,165470.5,6115,3695,6205
Caserne 30 Grid2_2,11975,389602.6,10740,6970,10720
Caserne 30 Grid2_3,7489,262284.9,7055,4800,6975
Caserne 30 Grid3_2,7961,253611.4,6990,4910,6965
Caserne 30 Grid3_3,7314,130813.4,6790,4790,7070
Caserne 31 Grid0_0,13581,278370.6,11905,7330,11935
Caserne 31 Grid0_1,10639,165437.2,9235,5805,9245
Caserne 31 Grid1_0,9532,192049.2,8130,5070,8080
Caserne 31 Grid1_1,12764,236698.7,11180,7085,11100
Caserne 31 Grid2_1,3981,46987.3,3420,2285,3375
Caserne 32 Grid0_0,3621,2074.6,2925,1365,3045
Caserne 32 Grid0_1,1626,292.8,1255,595,1320
Caserne 32 Grid1_0,1995,1781.8,1670,770,1725
Caserne 32 Grid1_1,3831,15304.3,3225,1685,3310
Caserne 32 Grid1_2,4088,11666.7,3415,1750,3445
Caserne 32 Grid2_0,6111,40060.4,5040,2605,5050
Caserne 32 Grid2_1,8161,63690.4,6785,3555,6810
Caserne 32 Grid2_2,3478,19603.2,2775,1420,2760
Caserne 32 Grid3_0,960,7105.8,750,380,755
Caserne 32 Grid3_1,657,2047.4,490,255,495
Caserne 33 Grid0_1,2697,51967.3,2150,1205,2190
Caserne 33 Grid0_2,8442,89536.2,6565,3555,6490
Caserne 33 Grid0_3,3538,8253.9,2570,1415,2540
Caserne 33 Grid1_0,1983,22391.4,1640,930,1575
Caserne 33 Grid1_1,15728,335774.5,13195,7720,13290
Caserne 33 Grid1_2,14413,255783,12015,6770,11975
Caserne 33 Grid1_3,1322,12901.9,1085,590,1070
Caserne 33 Grid2_0,3004,40703.5,2485,1465,2515
Caserne 33 Grid2_1,9688,137923,8290,4860,8365
Caserne 33 Grid2_2,2830,37705.3,2475,1430,2540
Caserne 34 Grid0_0,12312,219800.7,10060,5675,10060
Caserne 34 Grid0_1,13059,248458.7,10430,5800,10295
Caserne 34 Grid0_2,6701,122654.5,5620,3215,5550
Caserne 34 Grid1_0,5266,60299.2,4195,2260,4160
Caserne 34 Grid1_1,15923,226969.2,12980,7185,13085
Caserne 34 Grid1_2,10992,182329.7,9190,5130,9225
Caserne 34 Grid2_1,4663,50559,3780,2170,3760
Caserne 34 Grid2_2,2582,21266.2,2155,1210,2125
Caserne 35 Grid0_1,3455,21509.7,1955,1020,1970
Caserne 35 Grid0_2,3418,21118.8,1910,960,1910
Caserne 35 Grid1_0,4152,38992.1,3115,1950,2990
Caserne 35 Grid1_1,9730,126979.9,7670,4610,7700
Caserne 35 Grid1_2,5686,59689.1,4245,2340,4190
Caserne 35 Grid2_0,7207,106462.8,5620,3385,5620
Caserne 35 Grid2_1,7377,98029.5,6275,3840,6340
Caserne 37 Grid0_0,2970,40146.1,2520,1500,2555
Caserne 37 Grid0_1,12173,240354.2,10410,6035,10410
Caserne 37 Grid0_2,3827,38637.9,3120,1580,3185
Caserne 37 Grid1_0,8818,146629.6,7235,4340,7210
Caserne 37 Grid1_1,23834,676532.5,20430,12330,20650
Caserne 37 Grid1_2,5918,123595.1,5025,3045,5075
Caserne 37 Grid2_0,18536,496212.6,15340,8650,15120
Caserne 37 Grid2_1,18829,565621.5,16305,9925,16270
Caserne 37 Grid2_2,2884,76470.5,2530,1515,2570
Caserne 37 Grid3_0,8859,210308.1,7545,4580,7700
Caserne 37 Grid3_1,3407,86438.8,2875,1725,2930
Caserne 38 Grid0_1,1626,292.8,1255,595,1320
Caserne 38 Grid0_2,1626,292.8,1255,595,1320
Caserne 38 Grid0_3,2997,833.3,1910,890,1960
Caserne 38 Grid0_4,3699,1006.6,2300,1055,2340
Caserne 38 Grid0_5,2073,713.8,1045,460,1020
Caserne 38 Grid0_6,702,173.3,390,165,380
Caserne 38 Grid1_0,2976,746.6,2370,1130,2465
Caserne 38 Grid1_1,2976,746.6,2370,1130,2465
Caserne 38 Grid1_2,3696,1729,2960,1485,3110
Caserne 38 Grid1_3,3741,7209.5,3040,1505,3090
Caserne 38 Grid1_4,3292,4160.3,2445,1140,2460
Caserne 38 Grid1_5,3262,26128.5,2600,1365,2620
Caserne 38 Grid1_6,3481,19651,2690,1290,2605
Caserne 38 Grid2_0,2976,746.6,2370,1130,2465
Caserne 38 Grid2_1,2910,3899.2,2415,1240,2455
Caserne 38 Grid2_2,6615,54341.4,5635,3130,5770
Caserne 38 Grid2_3,10225,99101.5,8535,4440,8630
Caserne 38 Grid2_4,8529,75907.3,7070,3310,6960
Caserne 38 Grid2_5,10588,115392.1,8820,4650,8905
Caserne 38 Grid2_6,8877,90082.7,7370,3870,7295
Caserne 38 Grid2_7,3033,24588,2515,1365,2435
Caserne 38 Grid3_1,2863,10002.3,2305,1250,2280
Caserne 38 Grid3_2,3828,26131.7,3125,1645,3190
Caserne 38 Grid3_3,7333,53995.4,5535,2830,5640
Caserne 38 Grid3_4,5788,48937.6,4620,2150,4640
Caserne 38 Grid3_5,7537,90499.2,6050,3340,5975
Caserne 38 Grid3_6,7583,84041.8,6215,3450,6255
Caserne 38 Grid3_7,2702,27586.7,2220,1365,2255
Caserne 39 Grid0_0,9324,137648.3,7965,4380,8030
Caserne 39 Grid0_1,10751,171798.1,8945,4755,8775
Caserne 39 Grid0_2,3419,26201.1,2870,1605,2840
Caserne 39 Grid1_0,3977,49358.2,3370,1980,3565
Caserne 39 Grid1_1,10770,157843.1,8965,4945,8950
Caserne 39 Grid1_2,14317,175243.7,12100,7345,12125
Caserne 39 Grid1_3,3944,6885.6,3380,2145,3340
Caserne 39 Grid2_0,4047,6602.2,2805,1685,2775
Caserne 39 Grid2_1,13620,173157.9,10780,6445,10775
Caserne 39 Grid2_2,13895,235159.2,11520,7025,11730
Caserne 39 Grid2_3,2863,8978.8,2185,1395,2205
Caserne 39 Grid3_1,6741,40610.9,5025,2875,5025
Caserne 39 Grid3_2,4021,34301.8,3385,1925,3485
Caserne 39 Grid3_3,2569,27853.6,2140,1225,2255
Caserne 39 Grid4_1,1736,5903.9,1485,845,1535
Caserne 39 Grid4_2,1736,5903.9,1485,845,1535
Caserne 39 Grid4_3,835,424.2,700,400,755
Caserne 40 Grid0_0,10428,95095.4,8050,4285,7890
Caserne 40 Grid0_1,9561,105295.7,7305,3945,7315
Caserne 40 Grid0_2,8548,39422.7,6105,3375,6150
Caserne 40 Grid0_3,2717,3789.9,1640,965,1635
Caserne 40 Grid1_0,11379,130657.7,8985,4780,9000
Caserne 40 Grid1_1,13163,172121.5,10525,5935,10375
Caserne 40 Grid1_2,9985,91054,7880,4590,7890
Caserne 40 Grid1_3,4625,12294.5,3285,1975,3295
Caserne 40 Grid2_0,7964,99234.1,6605,3895,6645
Caserne 40 Grid2_1,10790,142336.7,9015,5395,9020
Caserne 40 Grid2_2,11072,176432.8,9195,5260,9260
Caserne 40 Grid2_3,3799,26340.5,3195,1830,3330
Caserne 40 Grid2_4,1301,798.3,1095,625,1110
Caserne 40 Grid3_0,495,1908.2,425,275,450
Caserne 40 Grid3_2,623,3240.5,510,285,465
Caserne 40 Grid3_3,1458,3664.7,1210,685,1220
Caserne 40 Grid3_4,835,424.2,700,400,755
Caserne 41 Grid0_0,8806,273733.5,7135,3395,7190
Caserne 41 Grid0_1,8692,326750.8,7080,3425,7225
Caserne 41 Grid1_0,7333,122390.2,6160,3385,5960
Caserne 41 Grid1_1,19152,673414.2,15965,8495,15815
Caserne 41 Grid2_0,10578,199987.6,9170,5605,8975
Caserne 41 Grid2_1,7104,202647.1,5975,3275,5810
Caserne 42 Grid0_3,452,778,160,60,135
Caserne 42 Grid0_4,1865,2130.5,1245,540,1185
Caserne 42 Grid1_2,2333,7622.4,1650,665,1530
Caserne 42 Grid1_3,2568,2824.7,1825,735,1725
Caserne 42 Grid1_4,2568,2824.7,1825,735,1725
Caserne 42 Grid2_1,2164,18520.1,1650,930,1670
Caserne 42 Grid2_2,5806,50496.4,4700,2015,4625
Caserne 42 Grid2_3,3544,11921,2770,1145,2710
Caserne 42 Grid3_1,6463,61133.6,4390,2415,4555
Caserne 42 Grid3_2,12356,152387.4,8965,4980,8985
Caserne 42 Grid4_0,5417,58204.7,4135,2230,4230
Caserne 42 Grid4_1,9636,104169,7170,3560,7235
Caserne 42 Grid4_2,14887,263630.8,10895,5625,10725
Caserne 42 Grid5_0,9678,91381.3,6990,3735,7140
Caserne 42 Grid5_1,11254,134147.8,9160,4385,9055
Caserne 42 Grid5_2,5623,101857.2,4400,2160,4390
Caserne 42 Grid6_0,3834,22102,2550,1280,2550
Caserne 42 Grid6_1,9764,80241.9,7685,3810,7745
Caserne 42 Grid6_2,1547,5790.7,1205,610,1120
Caserne 43 Grid0_0,3058,40721.1,2495,1495,2415
Caserne 43 Grid0_1,8192,118504.1,6140,3730,6070
Caserne 43 Grid0_2,10966,171135.6,8500,5005,8530
Caserne 43 Grid0_3,2059,28258.6,1735,960,1725
Caserne 43 Grid1_0,7482,101267.1,6115,3665,6290
Caserne 43 Grid1_1,12274,175940.4,9945,5900,9935
Caserne 43 Grid1_2,10331,136719.6,8405,4755,8370
Caserne 43 Grid1_3,4187,38552.8,3470,1890,3510
Caserne 43 Grid2_0,486,6731.3,385,220,370
Caserne 43 Grid2_1,3150,46134.9,2560,1355,2415
Caserne 43 Grid2_2,3227,46129.1,2530,1275,2435
Caserne 43 Grid2_3,9089,99333.5,7190,4120,7115
Caserne 43 Grid3_3,1783,25070.2,1560,1010,1645
Caserne 44 Grid0_4,1867,12104.9,1510,695,1585
Caserne 44 Grid0_5,7342,60248.4,6035,2680,6075
Caserne 44 Grid0_6,2305,16248.7,1785,910,1870
Caserne 44 Grid1_4,5477,47187.7,4500,2040,4585
Caserne 44 Grid1_5,9134,70530,7415,3285,7450
Caserne 44 Grid1_6,4975,31198.6,4065,1900,4105
Caserne 44 Grid1_7,1341,1334.2,1140,490,1100
Caserne 44 Grid2_3,7474,21293.4,5390,2415,5405
Caserne 44 Grid2_4,10288,46645.8,7740,3280,7765
Caserne 44 Grid2_5,7409,32076.8,5525,2265,5510
Caserne 44 Grid2_6,2017,1062.3,1215,560,1160
Caserne 44 Grid2_7,646,521.8,560,265,520
Caserne 44 Grid3_2,1626,292.8,1255,595,1320
Caserne 44 Grid3_3,7214,24933.3,5220,2235,5185
Caserne 44 Grid3_4,6571,31984,4660,1875,4660
Caserne 44 Grid3_5,2692,786.8,1530,720,1470
Caserne 44 Grid3_6,1371,540.5,655,295,640
Caserne 44 Grid4_1,1626,292.8,1255,595,1320
Caserne 44 Grid4_2,1626,292.8,1255,595,1320
Caserne 44 Grid4_3,4085,4505.4,2820,1240,2815
Caserne 44 Grid4_4,2459,4212.6,1565,645,1495
Caserne 44 Grid4_5,2073,713.8,1045,460,1020
Caserne 44 Grid4_6,702,173.3,390,165,380
Caserne 44 Grid5_0,1626,292.8,1255,595,1320
Caserne 44 Grid5_1,1626,292.8,1255,595,1320
Caserne 45 Grid0_0,5414,22056.1,4530,2780,4585
Caserne 45 Grid0_1,5201,64207.3,4445,2755,4475
Caserne 45 Grid1_0,5265,18870.9,4225,2660,4300
Caserne 45 Grid1_1,13370,245255.5,10995,6990,10905
Caserne 45 Grid1_2,838,5963.7,710,405,690
Caserne 45 Grid2_0,1452,1123.7,1220,705,1305
Caserne 45 Grid2_1,3134,15528.4,2300,1405,2495
Caserne 45 Grid2_2,1701,8195.4,1385,835,1390
Caserne 46 Grid0_0,5261,116600.6,4250,2345,4300
Caserne 46 Grid0_1,13056,228187.5,10475,5530,10430
Caserne 46 Grid0_2,6164,71477.7,4835,2465,4800
Caserne 46 Grid1_0,12115,158255.6,9885,5295,9980
Caserne 46 Grid1_1,16321,262044.7,13255,7170,13545
Caserne 46 Grid1_2,10017,129945.7,8195,4360,8185
Caserne 46 Grid1_3,1523,6078.3,1205,655,1120
Caserne 46 Grid2_0,6872,116007.2,5720,3230,5660
Caserne 46 Grid2_1,11796,188760.9,9715,6025,9825
Caserne 46 Grid2_2,1740,21408.8,1405,820,1410
Caserne 46 Grid3_1,615,622.8,480,285,460
Caserne 48 Grid0_0,1740,26867.3,1550,1000,1535
Caserne 48 Grid0_1,13565,271402.4,11840,7650,11610
Caserne 48 Grid0_2,12158,263933.4,10500,6825,10625
Caserne 48 Grid1_0,2847,31871.8,2515,1635,2455
Caserne 48 Grid1_1,10647,187932,9205,5980,9130
Caserne 48 Grid1_2,6031,136909.2,5345,3305,5375
Caserne 49 Grid0_1,5614,83138.3,4365,2430,4410
Caserne 49 Grid0_2,16938,257088.5,13285,7255,13245
Caserne 49 Grid0_3,2620,35884.6,2040,1025,1960
Caserne 49 Grid1_0,5800,58979.2,4825,2890,4915
Caserne 49 Grid1_1,8083,85272.5,6675,3960,6640
Caserne 49 Grid1_2,5857,69645.7,4745,2500,4855
Caserne 49 Grid1_3,1176,17563.7,930,440,950
Caserne 49 Grid2_0,10256,132007.3,8480,4900,8530
Caserne 49 Grid2_1,10538,154035.2,8850,4965,8820
Caserne 49 Grid2_2,6508,112984.3,5340,2655,5295
Caserne 49 Grid2_3,3633,32635.8,2660,1195,2710
Caserne 49 Grid3_0,4380,33401.3,3385,2005,3320
Caserne 49 Grid3_1,5491,54427.2,4400,2700,4440
Caserne 50 Grid0_0,3004,45733.3,2370,1345,2335
Caserne 50 Grid0_1,11634,242069.8,9570,5740,9630
Caserne 50 Grid0_2,10143,195344,8020,4850,7935
Caserne 50 Grid1_0,12051,193580.1,9640,5720,9690
Caserne 50 Grid1_1,15395,248390.6,12955,7990,13045
Caserne 50 Grid1_2,8367,175656.7,6755,4260,6910
Caserne 50 Grid2_0,7643,62008.2,6695,4060,6630
Caserne 50 Grid2_1,4788,13798.7,4255,2610,4180
Caserne 50 Grid2_2,1522,34809.8,1330,830,1380
Caserne 50 Grid2_3,552,8479.3,495,315,485
Caserne 50 Grid3_0,1408,3039.7,1150,700,1130
Caserne 50 Grid3_1,4145,7761.1,3705,2265,3650
Caserne 51 Grid0_0,467,72.3,415,185,445
Caserne 51 Grid0_1,467,72.3,415,185,445
Caserne 51 Grid0_2,467,72.3,415,185,445
Caserne 51 Grid0_3,921,498.8,790,345,790
Caserne 51 Grid0_4,467,72.3,415,185,445
Caserne 51 Grid1_0,467,72.3,415,185,445
Caserne 51 Grid1_1,1600,194.5,1225,530,1270
Caserne 51 Grid1_2,1600,194.5,1225,530,1270
Caserne 51 Grid1_3,2054,621,1600,690,1615
Caserne 51 Grid1_4,3125,12681.1,2470,1335,2485
Caserne 51 Grid1_5,1381,6897.7,1235,735,1255
Caserne 51 Grid2_0,467,72.3,415,185,445
Caserne 51 Grid2_1,1600,194.5,1225,530,1270
Caserne 51 Grid2_2,1133,122.2,810,345,825
Caserne 51 Grid2_3,1901,2037.6,1185,505,1170
Caserne 51 Grid2_4,4333,16443.3,3355,1775,3380
Caserne 51 Grid2_5,2850,11513.6,2345,1255,2395
Caserne 51 Grid3_0,4033,758.8,3120,1305,3115
Caserne 51 Grid3_1,2679,7115.9,2150,875,2140
Caserne 51 Grid3_2,1757,3969.3,1350,545,1325
Caserne 51 Grid3_3,1766,329.1,1340,590,1430
Caserne 51 Grid3_4,1766,329.1,1340,590,1430
Caserne 51 Grid3_5,1638,816.2,1240,510,1185
Caserne 51 Grid4_0,4699,808.7,3515,1465,3495
Caserne 51 Grid4_1,1757,3969.3,1350,545,1325
Caserne 51 Grid4_2,1133,122.2,810,345,825
Caserne 51 Grid4_3,1133,122.2,810,345,825
Caserne 51 Grid5_0,5358,3591.6,4040,1680,3965
Caserne 51 Grid5_1,1792,2905.1,1335,560,1295
Caserne 51 Grid5_2,1133,122.2,810,345,825
Caserne 52 Grid0_1,1766,329.1,1340,590,1430
Caserne 52 Grid0_2,3328,3399.4,2565,1125,2605
Caserne 52 Grid0_3,2756,2201.7,2180,940,2210
Caserne 52 Grid1_0,1766,329.1,1340,590,1430
Caserne 52 Grid1_1,3291,3949.2,2535,1095,2605
Caserne 52 Grid1_2,3148,5699.6,2565,1100,2560
Caserne 52 Grid1_3,505,694,430,165,360
Caserne 52 Grid2_0,2965,1134,2225,900,2370
Caserne 52 Grid2_1,4735,8056.4,3825,1555,3965
Caserne 52 Grid2_2,1703,3014.5,1435,570,1340
Caserne 53 Grid0_0,2035,2659.4,1575,600,1665
Caserne 53 Grid0_1,4789,5029.8,3720,1505,3875
Caserne 53 Grid0_2,4286,7563.6,3430,1410,3605
Caserne 53 Grid0_3,2927,7167,2395,955,2275
Caserne 53 Grid1_0,3890,13349.5,3065,1175,3175
Caserne 53 Grid1_1,7740,28431.6,6175,2580,6305
Caserne 53 Grid1_2,5775,13492.8,4540,1860,4540
Caserne 53 Grid1_3,1727,4552.5,1370,540,1305
Caserne 53 Grid2_0,4817,25636.8,3905,1550,3890
Caserne 53 Grid2_1,5085,23690.9,4105,1700,4035
Caserne 53 Grid2_2,3220,9552,2575,1090,2640
Caserne 53 Grid3_0,4672,20787.1,3865,1815,3900
Caserne 53 Grid3_1,5535,20478.6,4540,2015,4535
Caserne 53 Grid3_2,1566,4247.1,1270,535,1340
Caserne 53 Grid4_0,5071,20137.9,4165,1925,4140
Caserne 53 Grid4_1,5395,19240.9,4435,2015,4410
Caserne 53 Grid4_2,1080,3133.4,890,365,885
Caserne 53 Grid5_0,3887,10000,3220,1525,3310
Caserne 53 Grid5_1,1874,6342,1520,660,1510
Caserne 53 Grid5_2,1080,3133.4,890,365,885
Caserne 54 Grid0_2,7946,11077.9,6185,2470,6090
Caserne 54 Grid0_3,6524,14634.5,5150,2000,5160
Caserne 54 Grid1_1,795,2640.3,640,260,640
Caserne 54 Grid1_2,4224,16571.7,3515,1260,3610
Caserne 54 Grid1_3,6389,17898.7,5220,1890,5370
Caserne 54 Grid2_1,3147,19275.4,2645,1075,2650
Caserne 54 Grid2_2,6610,21622.4,5535,2110,5560
Caserne 54 Grid2_3,3539,13117.9,2925,1115,2905
Caserne 54 Grid3_0,3532,19258.6,2985,1170,3020
Caserne 54 Grid3_1,5986,25083.4,5160,2025,5150
Caserne 54 Grid3_2,6448,23627.2,5485,2345,5435
Caserne 54 Grid3_3,3417,17658.2,2790,1155,2775
Caserne 54 Grid4_0,4248,15180.4,3595,1420,3675
Caserne 54 Grid4_1,3958,7640.3,3385,1340,3425
Caserne 54 Grid4_2,4498,19319.1,3830,1745,3805
Caserne 54 Grid5_1,1624,2178.2,1365,560,1315
Caserne 54 Grid5_2,4377,19531.8,3550,1530,3600
Caserne 55 Grid0_1,2317,5167.8,1930,830,1905
Caserne 55 Grid0_2,5571,8795.4,3960,1720,3825
Caserne 55 Grid0_3,4615,28235.6,3060,1620,3035
Caserne 55 Grid0_4,2402,9029.1,1880,785,1995
Caserne 55 Grid0_5,1839,3726.7,1525,765,1585
Caserne 55 Grid1_0,1952,3193.9,1450,730,1405
Caserne 55 Grid1_1,4269,8361.7,3380,1560,3310
Caserne 55 Grid1_2,5197,7971.9,3435,1645,3425
Caserne 55 Grid1_3,6317,43940.4,4425,2180,4410
Caserne 55 Grid1_4,5337,24177,4355,2170,4545
Caserne 55 Grid1_5,4413,14663.6,3730,1950,3770
Caserne 55 Grid1_6,2164,4929.8,1815,915,1730
Caserne 55 Grid2_0,2684,3912.8,1730,835,1685
Caserne 55 Grid2_1,2064,4580,1530,790,1525
Caserne 55 Grid2_2,7543,24213.4,5350,2515,5330
Caserne 55 Grid2_3,7042,35862.6,5165,2605,5055
Caserne 55 Grid2_4,5331,18082.3,4600,2400,4665
Caserne 55 Grid2_5,3871,14957.1,3305,1645,3300
Caserne 55 Grid2_6,463,1312.4,425,235,340
Caserne 55 Grid3_0,3495,5164.1,2410,1235,2415
Caserne 55 Grid3_1,4551,17821.3,3570,1620,3525
Caserne 55 Grid3_2,8937,32281.2,7275,3490,7175
Caserne 55 Grid3_3,5016,19359,4290,2245,4210
Caserne 55 Grid3_4,4163,15108.6,3655,1960,3610
Caserne 55 Grid3_5,1314,5314.3,1140,535,1025
Caserne 55 Grid4_0,2049,378.9,1510,785,1545
Caserne 55 Grid4_1,2049,378.9,1510,785,1545
Caserne 55 Grid4_2,6976,22195,5495,2465,5465
Caserne 55 Grid4_3,6181,24787.5,5185,2795,5135
Caserne 55 Grid4_4,1471,8047.5,1205,700,1195
Caserne 55 Grid5_1,2049,378.9,1510,785,1545
Caserne 55 Grid5_2,1892,4278.3,1570,725,1635
Caserne 55 Grid5_3,4023,18787,3390,1760,3355
Caserne 55 Grid5_4,1916,9780.4,1580,855,1510
Caserne 56 Grid0_3,1620,386.4,1325,655,1300
Caserne 56 Grid0_4,506,259.9,460,250,415
Caserne 56 Grid0_5,506,259.9,460,250,415
Caserne 56 Grid1_2,1620,386.4,1325,655,1300
Caserne 56 Grid1_3,1620,386.4,1325,655,1300
Caserne 56 Grid1_4,2599,879.2,2170,1045,2170
Caserne 56 Grid1_5,2093,619.3,1710,795,1755
Caserne 56 Grid2_1,1140,1336.1,990,465,975
Caserne 56 Grid2_2,2254,1462.6,1855,870,1860
Caserne 56 Grid2_3,1114,126.5,865,405,885
Caserne 56 Grid2_4,1114,126.5,865,405,885
Caserne 56 Grid2_5,2093,619.3,1710,795,1755
Caserne 56 Grid3_0,1081,338.5,900,360,890
Caserne 56 Grid3_1,2829,1541.2,2295,980,2335
Caserne 56 Grid3_2,2829,1541.2,2295,980,2335
Caserne 56 Grid3_3,1114,126.5,865,405,885
Caserne 56 Grid3_4,2093,619.3,1710,795,1755
Caserne 56 Grid3_5,2093,619.3,1710,795,1755
Caserne 56 Grid4_0,3023,1606.8,2380,960,2285
Caserne 56 Grid4_1,2558,932.2,1980,780,1910
Caserne 56 Grid4_2,4049,12007.3,3325,1405,3305
Caserne 56 Grid4_3,5411,12762.8,4535,2070,4480
Caserne 56 Grid4_4,2093,619.3,1710,795,1755
Caserne 56 Grid4_5,979,492.8,845,390,870
Caserne 56 Grid5_0,1942,1268.3,1480,600,1395
Caserne 56 Grid5_1,4739,9747.1,3725,1435,3670
Caserne 56 Grid5_2,7112,27354,5770,2385,5720
Caserne 56 Grid5_3,6861,32418.6,5630,2730,5645
Caserne 56 Grid5_4,4824,18209.2,3870,2075,3835
Caserne 56 Grid5_5,3900,34729.7,3060,1605,3040
Caserne 56 Grid6_0,2713,3076.5,2010,860,2035
Caserne 56 Grid6_1,4991,12318.3,3840,1585,3905
Caserne 56 Grid6_2,3484,13969.5,2730,1150,2905
Caserne 56 Grid6_3,4108,18386.2,3245,1815,3330
Caserne 56 Grid6_4,2535,12647.3,1970,1160,1920
Caserne 57 Grid0_3,2260,12162.2,1760,990,1770
Caserne 57 Grid0_4,4787,30526.8,3870,1825,3845
Caserne 57 Grid0_5,3949,25375.7,3275,1275,3225
Caserne 57 Grid0_6,4128,25103,3475,1390,3485
Caserne 57 Grid1_0,849,4500.3,735,300,730
Caserne 57 Grid1_1,3623,18025.6,3080,1495,3085
Caserne 57 Grid1_2,5427,18308.2,4540,2610,4525
Caserne 57 Grid1_3,6023,27554.8,4960,2480,4945
Caserne 57 Grid1_4,6749,48344.7,5645,2405,5630
Caserne 57 Grid1_5,4441,27955.7,3710,1460,3700
Caserne 57 Grid2_0,5489,25607.1,4535,2135,4565
Caserne 57 Grid2_1,8266,59527.3,6845,2730,6930
Caserne 57 Grid2_2,8378,38642.6,6850,3000,6705
Caserne 57 Grid2_3,5950,23207.3,4890,2365,4710
Caserne 57 Grid2_4,3641,19697.5,3035,1355,2875
Caserne 57 Grid3_0,5659,27175.7,4615,2225,4675
Caserne 57 Grid3_1,9854,65982,8060,3350,8320
Caserne 57 Grid3_2,3459,16679.2,2840,1040,2980
Caserne 57 Grid4_0,9492,64773.9,7835,4030,7800
Caserne 57 Grid4_1,5546,38751.3,4530,2115,4470
Caserne 57 Grid5_0,3464,18672.8,2875,1450,2895
Caserne 57 Grid6_0,3295,12593.9,2610,1155,2545
Caserne 57 Grid6_1,4967,34539.3,3955,1820,3970
Caserne 57 Grid7_0,1166,3507.2,880,395,835
Caserne 57 Grid7_1,7774,81709.6,6000,2795,5970
Caserne 57 Grid7_2,920,14298,575,260,595
Caserne 57 Grid8_0,1179,2181.7,680,280,635
Caserne 57 Grid8_1,4867,28811,3615,1600,3640
Caserne 57 Grid8_2,920,14298,575,260,595
Caserne 57 Grid9_0,2263,4398.8,1605,665,1655
Caserne 57 Grid9_1,2860,3731,2220,955,2250
Caserne 58 Grid0_0,6113,35824.3,5025,2615,4905
Caserne 58 Grid0_1,6868,37004.7,5705,2580,5725
Caserne 58 Grid0_2,3232,10591.6,2685,1165,2700
Caserne 58 Grid1_0,5393,25435.5,4365,1950,4385
Caserne 58 Grid1_1,5359,19813,4455,1825,4425
Caserne 58 Grid1_2,2595,5331.5,2135,865,2130
Caserne 58 Grid2_0,2770,17750.5,2210,1070,2230
Caserne 58 Grid2_1,1956,14059.3,1545,770,1590
Caserne 59 Grid0_0,968,282.5,775,355,685
Caserne 59 Grid0_1,968,282.5,775,355,685
Caserne 59 Grid0_2,5001,1041.3,3895,1660,3800
Caserne 59 Grid1_0,968,282.5,775,355,685
Caserne 59 Grid1_1,4534,969,3480,1475,3355
Caserne 59 Grid1_2,4534,969,3480,1475,3355
Caserne 59 Grid1_3,5166,881,3930,1650,3940
Caserne 59 Grid2_0,968,282.5,775,355,685
Caserne 59 Grid2_1,4534,969,3480,1475,3355
Caserne 59 Grid2_2,3566,686.5,2705,1120,2670
Caserne 59 Grid2_3,4699,808.7,3515,1465,3495
Caserne 59 Grid3_1,4534,969,3480,1475,3355
Caserne 59 Grid3_2,3897,2354.8,2975,1225,2960
Caserne 59 Grid3_3,6677,7301.2,5115,2100,5035
Caserne 59 Grid4_0,2139,9342.6,1740,800,1635
Caserne 59 Grid4_1,10681,59958.1,8370,3605,8350
Caserne 59 Grid4_2,10880,39643.2,8715,3400,8840
Caserne 59 Grid4_3,2262,8730.4,1875,685,1895
Caserne 59 Grid5_0,7881,53537.5,6285,3000,6100
Caserne 59 Grid5_1,9125,67246.2,7475,3290,7595
Caserne 59 Grid5_2,3397,18609.9,2770,1145,2815
Caserne 59 Grid6_0,3053,15890.5,2465,1055,2450
Caserne 59 Grid6_1,1086,5264,900,340,930
Caserne 61 Grid0_1,1762,9159.9,1410,580,1290
Caserne 61 Grid0_2,7535,26883.7,6110,2710,5960
Caserne 61 Grid0_3,6171,38925.4,5200,2275,5205
Caserne 61 Grid0_4,3101,15014.2,2615,1045,2575
Caserne 61 Grid1_0,2123,14459.9,1720,670,1830
Caserne 61 Grid1_1,7736,35559,6300,2385,6305
Caserne 61 Grid1_2,12097,71072.2,9930,4205,9920
Caserne 61 Grid1_3,8999,58388,7535,3585,7570
Caserne 61 Grid1_4,2187,14810,1855,770,1905
Caserne 61 Grid2_0,5626,37436.9,4530,1955,4445
Caserne 61 Grid2_1,9135,45955.1,7495,2950,7405
Caserne 61 Grid2_2,9524,56609.8,7535,2890,7620
Caserne 61 Grid2_3,4853,34649.4,4025,1700,4010
Caserne 61 Grid3_0,6301,33188.6,5245,2250,5015
Caserne 61 Grid3_1,8368,38021.7,7010,3180,6880
Caserne 61 Grid3_2,4088,11687.1,3110,1325,3115
Caserne 61 Grid3_3,3199,6533.7,2145,1010,2125
Caserne 61 Grid4_0,4315,15063.1,3590,1425,3585
Caserne 61 Grid4_1,9591,57263.2,7990,3580,8045
Caserne 61 Grid4_2,7373,24402,5570,2695,5755
Caserne 61 Grid4_3,2202,1003.9,1310,635,1260
Caserne 61 Grid5_0,10322,98944.6,8380,3715,8365
Caserne 61 Grid5_1,8444,71479.7,7000,3050,7010
Caserne 61 Grid5_2,3148,11973.1,2730,1235,2785
Caserne 61 Grid6_0,3342,24768.4,2595,1160,2540
Caserne 61 Grid6_1,3322,6142.7,2710,1140,2745
Caserne 62 Grid0_0,1461,3367.8,1255,580,1365
Caserne 62 Grid0_1,4224,7813,3385,1710,3500
Caserne 62 Grid0_2,2049,378.9,1510,785,1545
Caserne 62 Grid0_3,2770,2187.7,2110,1030,2135
Caserne 62 Grid1_0,2538,6947.8,2190,925,2265
Caserne 62 Grid1_1,579,93.9,480,255,565
Caserne 62 Grid1_2,2049,378.9,1510,785,1545
Caserne 62 Grid1_3,579,93.9,480,255,565
Caserne 62 Grid2_0,2000,744,1565,735,1595
Caserne 62 Grid2_1,1114,127.3,930,490,1015
Caserne 62 Grid2_2,1114,127.3,930,490,1015
Caserne 62 Grid2_3,579,93.9,480,255,565
Caserne 63 Grid0_1,579,93.9,480,255,565
Caserne 63 Grid0_2,2342,7785.7,1945,900,1960
Caserne 63 Grid0_3,7109,33940.7,5925,2940,5910
Caserne 63 Grid0_4,3740,17951.8,3030,1515,2920
Caserne 63 Grid1_1,1090,154.1,910,460,1020
Caserne 63 Grid1_2,1090,154.1,910,460,1020
Caserne 63 Grid1_3,5126,31285.4,4330,2125,4455
Caserne 63 Grid1_4,4534,22499.2,3830,1740,3755
Caserne 63 Grid2_1,511,60.2,430,205,455
Caserne 63 Grid2_2,511,60.2,430,205,455
Caserne 63 Grid2_3,2359,17568.4,2020,965,1940
Caserne 63 Grid2_4,4589,25981.8,3980,2015,3940
Caserne 63 Grid2_5,472,1530.6,440,230,475
Caserne 63 Grid3_0,511,60.2,430,205,455
Caserne 63 Grid3_1,511,60.2,430,205,455
Caserne 63 Grid3_2,511,60.2,430,205,455
Caserne 63 Grid3_3,3971,9871.5,3475,2005,3480
Caserne 63 Grid3_4,7124,41503.6,6040,3360,6070
Caserne 63 Grid3_5,889,2287.5,755,445,730
Caserne 63 Grid4_0,1046,93.6,880,440,905
Caserne 63 Grid4_1,1060,135.4,855,455,905
Caserne 63 Grid4_2,1060,135.4,855,455,905
Caserne 63 Grid4_3,4867,30477.9,4105,2310,4095
Caserne 63 Grid4_4,6491,60033.4,5585,3235,5615
Caserne 63 Grid4_5,884,2261.4,755,445,730
Caserne 63 Grid5_0,1046,93.6,880,440,905
Caserne 63 Grid5_1,1046,93.6,880,440,905
Caserne 64 Grid0_0,1060,135.4,855,455,905
Caserne 64 Grid0_1,1060,135.4,855,455,905
Caserne 64 Grid0_2,3842,17657.1,3235,1815,3200
Caserne 64 Grid0_3,6548,38080.4,5470,2660,5305
Caserne 64 Grid0_4,1137,6459.7,960,510,1000
Caserne 64 Grid1_0,1595,168.8,1305,690,1355
Caserne 64 Grid1_1,549,75.2,425,250,450
Caserne 64 Grid1_2,4499,19243.1,3635,1845,3665
Caserne 64 Grid1_3,7645,60853.6,6290,2980,6120
Caserne 64 Grid1_4,3797,31599.6,3185,1755,3175
Caserne 64 Grid2_0,1084,108.6,875,485,900
Caserne 64 Grid2_1,1084,108.6,875,485,900
Caserne 64 Grid2_2,4662,26109.2,3770,1915,3880
Caserne 64 Grid2_3,13771,262941.7,10485,6115,10490
Caserne 64 Grid2_4,8195,70736.9,5870,3645,6010
Caserne 64 Grid2_5,970,2677.3,750,465,740
Caserne 64 Grid3_0,549,75.2,425,250,450
Caserne 64 Grid3_1,1614,1204.8,1280,580,1270
Caserne 64 Grid3_2,4287,48225.7,3320,1690,3285
Caserne 64 Grid3_3,12916,138538.2,9965,5645,10060
Caserne 64 Grid3_4,7647,64006.7,5850,3525,5985
Caserne 64 Grid3_5,1274,4801.7,935,595,940
Caserne 64 Grid4_1,2920,7622.2,2280,1090,2290
Caserne 64 Grid4_2,5915,32263.4,4810,2535,4655
Caserne 64 Grid4_3,6366,71476.9,5340,3145,5250
Caserne 64 Grid4_4,3166,23875.5,2495,1525,2580
Caserne 64 Grid4_5,907,5671.5,700,470,760
Caserne 64 Grid5_2,4881,31037,4015,2085,4005
Caserne 64 Grid5_3,6396,51730.5,5250,2905,5165
Caserne 64 Grid5_4,595,694.8,480,285,455
Caserne 64 Grid6_2,3810,14839.7,3110,1630,3085
Caserne 64 Grid6_3,2463,20854.6,2045,1200,2060
Caserne 64 Grid7_2,687,1264.3,560,330,590
Caserne 64 Grid7_3,682,1261.6,560,330,590
Caserne 65 Grid0_2,5862,63817.5,4665,2630,4665
Caserne 65 Grid0_3,6346,54003.8,5205,2910,5305
Caserne 65 Grid0_4,394,3414.2,315,160,370
Caserne 65 Grid1_1,934,1417.6,805,360,750
Caserne 65 Grid1_2,5986,47427.6,4855,2635,4930
Caserne 65 Grid1_3,10087,112259.3,8195,4410,8240
Caserne 65 Grid1_4,5976,95778.3,4915,2620,4955
Caserne 65 Grid2_0,524,228.2,430,185,440
Caserne 65 Grid2_1,3234,39532.3,2690,1320,2875
Caserne 65 Grid2_2,11425,227236.9,9385,4605,9285
Caserne 65 Grid2_3,12805,201689.9,10555,5370,10525
Caserne 65 Grid2_4,7652,101702.1,6090,3280,6145
Caserne 65 Grid3_0,524,228.2,430,185,440
Caserne 65 Grid3_1,6763,66796.2,5220,2775,5245
Caserne 65 Grid3_2,18014,249191.1,14505,7395,14410
Caserne 65 Grid3_3,10868,116848.3,8480,4465,8395
Caserne 65 Grid3_4,6755,77719.9,5405,2865,5405
Caserne 65 Grid4_0,5853,29962.7,4500,2340,4495
Caserne 65 Grid4_1,6150,36730.4,4820,2610,4805
Caserne 65 Grid4_2,12873,129164.6,10340,5540,10355
Caserne 65 Grid4_3,12926,178790.8,10400,5560,10270
Caserne 65 Grid4_4,4697,74256.8,4000,1980,3835
Caserne 65 Grid5_2,8926,112546.2,7430,4105,7410
Caserne 65 Grid5_3,7204,127496.1,6135,3445,5990
Caserne 65 Grid5_4,772,4480.8,670,270,640
Caserne 65 Grid6_2,1453,19559,1210,645,1230
Caserne 65 Grid6_3,952,1087.8,825,460,740
Caserne 66 Grid0_2,2900,34709.4,2420,1310,2475
Caserne 66 Grid0_3,4641,48415.2,3440,1785,3470
Caserne 66 Grid0_4,2766,19339.2,2110,1070,2070
Caserne 66 Grid1_0,1351,4832.5,1125,630,1085
Caserne 66 Grid1_1,10001,203609.9,8520,5095,8475
Caserne 66 Grid1_2,12318,271634.4,10440,5920,10490
Caserne 66 Grid1_3,7534,126706.1,5960,3285,5975
Caserne 66 Grid1_4,1126,11689,940,485,905
Caserne 66 Grid2_0,11937,209632.9,9800,6005,9800
Caserne 66 Grid2_1,19664,527468.3,16735,10275,16655
Caserne 66 Grid2_2,12246,315946.4,10305,6110,10190
Caserne 66 Grid2_3,2576,46145.7,2165,1235,2090
Caserne 66 Grid3_0,1589,2979.7,970,620,925
Caserne 66 Grid3_1,2649,17517.7,2000,1270,1985
Caserne 67 Grid0_0,3847,25730.3,3275,1960,3275
Caserne 67 Grid0_1,11787,56660.5,9590,5430,9625
Caserne 67 Grid0_2,5973,14000.7,4745,2695,4850
Caserne 67 Grid0_3,4669,4038.9,3770,2120,3840
Caserne 67 Grid1_0,7272,29326.9,6085,3550,6075
Caserne 67 Grid1_1,13869,103579.4,11285,6495,11195
Caserne 67 Grid1_2,8482,36115,6850,4050,6950
Caserne 67 Grid2_0,4512,18637.2,3745,2155,3690
Caserne 67 Grid2_1,2120,15455.9,1955,1140,1905
Caserne 71 Grid0_1,3763,22724.1,2765,1255,2840
Caserne 71 Grid0_2,2000,744,1565,735,1595
Caserne 71 Grid0_3,2163,237.5,1705,840,1745
Caserne 71 Grid0_4,1114,127.3,930,490,1015
Caserne 71 Grid0_5,1114,127.3,930,490,1015
Caserne 71 Grid1_0,1049,110.2,775,350,730
Caserne 71 Grid1_1,1769,1085,1390,605,1430
Caserne 71 Grid1_2,1049,110.2,775,350,730
Caserne 71 Grid1_3,1584,143.6,1225,585,1180
Caserne 71 Grid1_4,535,33.4,450,235,450
Caserne 71 Grid1_5,1625,187.5,1360,695,1470
Caserne 71 Grid2_0,2252,4928,1750,715,1685
Caserne 71 Grid2_1,1049,110.2,775,350,730
Caserne 71 Grid2_2,1584,143.6,1225,585,1180
Caserne 71 Grid2_3,1584,143.6,1225,585,1180
Caserne 71 Grid2_4,1046,93.6,880,440,905
Caserne 71 Grid2_5,1046,93.6,880,440,905
Caserne 71 Grid3_0,3816,9172.2,3000,1365,2945
Caserne 71 Grid3_1,2252,4928,1750,715,1685
Caserne 71 Grid3_2,1584,143.6,1225,585,1180
Caserne 71 Grid3_3,1046,93.6,880,440,905
Caserne 71 Grid3_4,1046,93.6,880,440,905
Caserne 71 Grid4_1,1049,110.2,775,350,730
Caserne 71 Grid4_2,535,33.4,450,235,450
Caserne 71 Grid4_3,535,33.4,450,235,450
Caserne 72 Grid0_0,4848,44584.1,4025,1655,4055
Caserne 72 Grid0_1,12739,30684.3,9725,4540,9690
Caserne 72 Grid0_2,6007,13867.9,4675,2175,4705
Caserne 72 Grid0_3,1584,143.6,1225,585,1180
Caserne 72 Grid0_4,1584,143.6,1225,585,1180
Caserne 72 Grid1_0,8105,49969.4,6230,2965,6230
Caserne 72 Grid1_1,11321,46896.7,8550,4135,8470
Caserne 72 Grid1_2,8324,12598.4,6175,2995,6055
Caserne 72 Grid1_3,1584,143.6,1225,585,1180
Caserne 72 Grid1_4,535,33.4,450,235,450
Caserne 72 Grid1_5,535,33.4,450,235,450
Caserne 72 Grid2_0,6744,15830.4,4990,2380,4855
Caserne 72 Grid2_1,9495,48516.2,7160,3535,6865
Caserne 72 Grid2_2,9821,200556.3,8160,4315,8170
Caserne 72 Grid2_3,3561,28396.2,2900,1370,2795
Caserne 72 Grid2_4,535,33.4,450,235,450
Caserne 72 Grid2_5,535,33.4,450,235,450
Caserne 72 Grid2_6,1084,108.6,875,485,900
Caserne 72 Grid3_1,5008,41936.4,4090,2045,4240
Caserne 72 Grid3_2,14271,193887.5,11730,5620,11880
Caserne 72 Grid3_3,5560,36410.2,4435,1980,4395
Caserne 72 Grid3_4,1591,496.9,1305,725,1295
Caserne 72 Grid3_5,535,33.4,450,235,450
Caserne 72 Grid3_6,1084,108.6,875,485,900
Caserne 72 Grid4_2,6990,75053.1,5480,2595,5580
Caserne 72 Grid4_3,8604,60684.2,6665,3345,6755
Caserne 72 Grid4_4,4036,1752.1,3425,1920,3300
Caserne 72 Grid4_5,4148,2829.7,3490,1800,3310
Caserne 72 Grid4_6,1545,492.4,1250,620,1215
Caserne 72 Grid4_7,1010,459,800,385,765
Caserne 72 Grid5_2,3201,3551.2,2460,1355,2585
Caserne 72 Grid5_3,3201,3551.2,2460,1355,2585
Caserne 73 Grid0_0,4115,49165.5,3275,1520,3205
Caserne 73 Grid0_1,11890,78855.7,9070,4220,8890
Caserne 73 Grid1_0,8820,98019.4,6970,3225,6955
Caserne 73 Grid1_1,15377,231136.8,11580,5155,11670
Caserne 73 Grid1_2,8675,78916.6,6910,3055,6905
Caserne 73 Grid2_0,21457,428542.7,16465,8140,16565
Caserne 73 Grid2_1,13922,164603.5,10900,5590,10865
Caserne 73 Grid2_2,12498,96691.2,10215,5250,10180
Caserne 73 Grid2_3,4022,29898.7,3120,1570,3185
Caserne 73 Grid3_0,9332,187251.3,7240,3685,6990
Caserne 73 Grid3_1,7130,78495.5,5810,3075,5830
Caserne 73 Grid3_2,9441,29088.1,7555,3955,7610
Caserne 73 Grid3_3,4104,6399.8,3210,1720,3305
Caserne 73 Grid4_0,2500,12926.1,1735,795,1790
Caserne 73 Grid4_1,3064,16755,2165,1010,2230
Caserne 74 Grid0_3,1591,496.9,1305,725,1295
Caserne 74 Grid0_4,4036,1752.1,3425,1920,3300
Caserne 74 Grid0_5,4036,1752.1,3425,1920,3300
Caserne 74 Grid1_2,6524,19132.5,5105,2545,5275
Caserne 74 Grid1_3,5644,11708.1,4510,2440,4605
Caserne 74 Grid1_4,3501,1718.7,2975,1685,2850
Caserne 74 Grid2_0,3763,40093.1,2800,1265,2725
Caserne 74 Grid2_1,7814,67750,5745,2635,5780
Caserne 74 Grid2_2,10985,44723.5,8925,4390,8910
Caserne 74 Grid2_3,5743,12684.8,4815,2570,4690
Caserne 74 Grid2_4,3501,1718.7,2975,1685,2850
Caserne 74 Grid3_0,5357,73133.4,4330,1860,4300
Caserne 74 Grid3_1,9316,74158.3,7280,3535,7310
Caserne 74 Grid3_2,4921,30865.5,3925,1940,3995
Caserne 74 Grid3_3,3675,9579.7,3105,1605,2970
Caserne 74 Grid4_0,2404,15233.7,2030,840,2010
Caserne 74 Grid4_1,6793,50816.6,4985,2350,4880
Caserne 74 Grid5_0,581,2209.1,475,200,490
Caserne 75 Grid0_0,11204,145311.4,8475,4620,8465
Caserne 75 Grid0_1,11012,175064.7,8445,4285,8355
Caserne 75 Grid0_2,3516,65789.6,2195,1295,2470
Caserne 75 Grid1_0,11994,318340.1,8425,4265,8610
Caserne 75 Grid1_1,9919,149099.2,7005,3590,7365
Caserne 75 Grid1_2,2266,36115,1125,735,1350
Caserne 75 Grid2_0,1780,40490.1,1225,590,1280
Caserne 75 Grid2_1,6156,117794.9,5090,2785,5045
Caserne 75 Grid2_2,1124,635.5,975,535,1010
Caserne 76 Grid0_0,8920,83971.7,7700,4335,7795
Caserne 76 Grid0_1,7472,65631.1,5820,2615,5850
Caserne 76 Grid0_2,1809,31811.5,1545,885,1670
Caserne 76 Grid1_0,7974,63992.5,6770,3180,6860
Caserne 76 Grid1_1,13735,192633.6,11050,5935,11090
Caserne 76 Grid1_2,5481,64718.7,4405,2510,4390
Caserne 76 Grid2_0,7121,93177.4,6350,3625,6325
Caserne 76 Grid2_1,8000,126375.3,6795,4020,6790
Caserne 77 Grid0_0,5183,68560.6,3985,1985,3920
Caserne 77 Grid1_0,6059,43854.7,4930,2330,4865
Caserne 77 Grid1_1,4144,16339.7,3380,1670,3345
Caserne 77 Grid2_0,3072,18138.7,2495,1100,2395
Caserne 77 Grid2_1,1743,6075.6,1420,710,1370
Caserne 78 Grid0_1,3613,2796.3,3040,1565,2860
Caserne 78 Grid0_2,461,383.8,375,135,315
Caserne 78 Grid0_3,2024,5917.4,1615,740,1715
Caserne 78 Grid0_4,1153,821,905,445,955
Caserne 78 Grid1_0,2445,1255.2,2120,1195,2005
Caserne 78 Grid1_1,9228,66564,7895,4370,7715
Caserne 78 Grid1_2,9539,79443.1,7010,3325,6770
Caserne 78 Grid1_3,10100,148036.4,7860,3670,7885
Caserne 78 Grid1_4,3027,21705.8,2350,1155,2455
Caserne 78 Grid2_0,5033,24056,4230,2120,4030
Caserne 78 Grid2_1,13943,99673,11535,5865,11205
Caserne 78 Grid2_2,9984,105513.9,7920,3975,7810
Caserne 78 Grid2_3,10289,215965.9,7885,4050,7750
Caserne 78 Grid2_4,1939,17172,1535,725,1575
Caserne 78 Grid3_0,2587,25138.9,2125,980,2175
Caserne 78 Grid3_1,6181,92027.6,5215,2490,5165
Caserne 78 Grid3_2,5709,93898.5,4665,2480,4745
Caserne 78 Grid4_1,5454,163635.9,4690,2735,4710
caserne 47 Grid0_0,343,11827.6,300,185,300
caserne 47 Grid0_1,14545,381166.7,12340,7655,12565
caserne 47 Grid0_2,11813,314192.5,10020,6360,9985
caserne 47 Grid1_0,11006,194030.6,9205,5585,9035
caserne 47 Grid1_1,18439,407482.7,15670,9965,15750
caserne 47 Grid1_2,17956,383759.7,15380,10010,15420
caserne 47 Grid1_3,5493,66090.8,4740,3185,4770
caserne 47 Grid2_0,3500,31658.3,2780,1845,2685
caserne 47 Grid2_1,3534,42073.5,3040,2005,2990
caserne 47 Grid2_2,4146,69788.5,3645,2405,3690
